用户ID,注册日期,最近活跃日期,累计订单数,累计付费金额,反馈次数,最近反馈日期,渠道,备注
U10231,2026-08-14,2026-10-03,6,1280,3,2026-10-03,应用商店,支付问题反馈 3 次
U10455,2026-09-28,2026-10-03,1,68,1,2026-10-03,自然流量,
U10088,2026-03-02,2026-10-02,12,3260,1,2026-09-29,应用商店,
U10712,2026-05-11,2026-09-05,3,420,0,,朋友推荐,
U10345,2025-11-20,2026-09-18,8,1580,2,2026-09-18,自然流量,
U10999,2026-02-08,2026-08-15,2,260,0,,广告投放,
U11023,2025-06-30,2026-07-20,5,890,1,2026-07-18,应用商店,
U11107,2026-01-12,2026-10-03,0,0,0,,自然流量,只用免费功能
U11240,2026-10-01,2026-10-03,1,128,0,,活动页,
U11318,2026-09-15,2026-09-27,1,99,0,,广告投放,
U11402,2026-06-06,2026-10-03,9,2140,4,2026-10-02,应用商店,连续两周反馈导出慢
U11555,2025-12-01,2026-10-03,4,640,0,,朋友推荐,9 月未活跃 10 月回流