周,指标,数值,环比,同比
2026-W33,周活跃用户数,68200,,
2026-W33,支付成功率(%),97.8,,
2026-W33,订单转化率(%),3.2,,
2026-W33,退款率(%),1.4,,
2026-W33,核心功能使用率(%),42.3,,
2026-W33,次日留存率(%),36.4,,
2026-W34,周活跃用户数,69100,1.3%,
2026-W34,支付成功率(%),97.6,-0.2%,
2026-W34,订单转化率(%),3.18,-0.6%,
2026-W34,退款率(%),1.3,-7.1%,
2026-W34,核心功能使用率(%),42.5,0.5%,
2026-W34,次日留存率(%),36.6,0.5%,
2026-W35,周活跃用户数,67500,-2.3%,
2026-W35,支付成功率(%),97.5,-0.1%,
2026-W35,订单转化率(%),3.15,-0.9%,
2026-W35,退款率(%),1.4,7.7%,
2026-W35,核心功能使用率(%),42.2,-0.7%,
2026-W35,次日留存率(%),36.2,-1.1%,
2026-W36,周活跃用户数,69800,3.4%,
2026-W36,支付成功率(%),97.7,0.2%,
2026-W36,订单转化率(%),3.19,1.3%,
2026-W36,退款率(%),1.3,-7.1%,
2026-W36,核心功能使用率(%),42.6,0.9%,
2026-W36,次日留存率(%),36.5,0.8%,
2026-W37,周活跃用户数,70400,0.9%,
2026-W37,支付成功率(%),97.5,-0.2%,
2026-W37,订单转化率(%),3.16,-0.9%,
2026-W37,退款率(%),1.4,7.7%,
2026-W37,核心功能使用率(%),42.4,-0.5%,
2026-W37,次日留存率(%),36.3,-0.5%,
2026-W38,周活跃用户数,68900,-2.1%,
2026-W38,支付成功率(%),97.4,-0.1%,
2026-W38,订单转化率(%),3.12,-1.3%,
2026-W38,退款率(%),1.5,7.1%,
2026-W38,核心功能使用率(%),42.1,-0.7%,
2026-W38,次日留存率(%),36.2,-0.3%,
2026-W39,周活跃用户数,69200,0.4%,
2026-W39,支付成功率(%),95.9,-1.5%,
2026-W39,订单转化率(%),3.02,-3.2%,
2026-W39,退款率(%),2.1,40.0%,
2026-W39,核心功能使用率(%),41.5,-1.4%,
2026-W39,次日留存率(%),35.7,-1.4%,
2026-W40,周活跃用户数,66800,-3.5%,
2026-W40,支付成功率(%),93.4,-2.6%,
2026-W40,订单转化率(%),2.86,-5.3%,
2026-W40,退款率(%),3.2,52.4%,
2026-W40,核心功能使用率(%),40.5,-2.4%,
2026-W40,次日留存率(%),34.8,-2.5%,